2026-03-22 13:28,Gust-Skimmer
2026-03-22 13:31,Flesh Duplicate
2026-03-22 13:34,Guardian Gladewalker
2026-03-22 13:39,Reflective Rimekin
2026-03-22 13:42,Ice Cream Kitty
2026-03-22 13:44,Flowstone Wall
2026-03-22 13:46,"Gyox, Brutal Carnivora"
2026-03-22 13:47,Patchplate Resolute
2026-03-22 13:48,Patchplate Resolute
2026-03-25 13:20,Hana Kami
2026-03-25 13:28,Granger Guildmage
2026-03-25 13:31,Feral Hydra
2026-03-25 13:35,Skullwinder
2026-03-25 13:37,"Toluz, Clever Conductor"
2026-03-25 13:42,Gigantoplasm
2026-03-25 13:58,Fiend Binder
2026-03-25 14:06,Stitcher Geralf
2026-03-25 14:13,Cultivator of Blades
2026-03-25 14:17,Reaper from the Abyss
2026-03-25 14:18,Reaper from the Abyss
2026-03-25 14:21,Wretched Gryff
2026-03-25 14:25,Cyclopean Titan
2026-03-25 14:28,Order of Sacred Dusk
2026-03-25 14:34,The Highland Runner
2026-03-25 14:41,Bringer of the Blue Dawn
2026-03-25 14:44,Ulamog's Dreadsire
2026-03-25 14:48,Myojin of Infinite Rage
2026-03-25 14:52,Ulamog's Dreadsire
2026-03-25 15:00,Ragged Recluse // Odious Witch
2026-03-25 15:03,Talon Trooper
2026-03-25 15:05,Good-Fortune Unicorn
2026-03-25 15:05,"Butterbur, Bree Innkeeper"
2026-03-25 15:09,Skophos Maze-Warden
2026-03-25 15:11,Drogskol Shieldmate
2026-03-25 15:13,Scourge of Valkas
2026-03-25 15:15,"Umaro, Raging Yeti"
2026-03-25 15:19,Cloudbound Moogle
2026-03-25 15:21,"Alena, Kessig Trapper"
2026-03-25 15:29,Bramble Wurm
2026-03-25 15:32,Ancient Copper Dragon
2026-03-25 15:34,Hazezon Tamar
2026-03-25 15:39,Draco
2026-03-25 15:41,Cytospawn Shambler
2026-03-25 15:44,"Eris, Roar of the Storm"
2026-03-25 16:04,Tiger-Seal
2026-03-25 16:06,Burnout Bashtronaut
2026-03-25 16:20,Burnout Bashtronaut
2026-03-25 16:22,Ragged Playmate
2026-03-25 16:23,Stitched Drake
2026-03-25 16:25,Chandra's Phoenix
2026-03-25 16:26,"A-Raiyuu, Storm's Edge"
2026-03-25 16:28,Unyaro Griffin
2026-03-25 16:29,"Edea, Possessed Sorceress"
2026-03-25 16:30,"Edea, Possessed Sorceress"
2026-03-25 16:31,Centaur Battlemaster
2026-03-25 16:33,Old Ghastbark
2026-03-25 16:35,Maze Sentinel
2026-03-25 16:37,Caustic Hound
2026-03-25 16:38,"Rhino, Barreling Brute"
2026-03-25 16:40,"Ragnarok, Divine Deliverance"
2026-03-25 16:46,Witherbloom Pledgemage
2026-03-25 16:47,Badgermole
2026-03-25 16:52,Consecrated Sphinx
2026-03-25 16:53,Consecrated Sphinx
2026-03-25 16:54,"Quickbeam, Upstart Ent"
2026-03-25 16:56,"Ardyn, the Usurper"
2026-03-25 16:59,Greater Morphling
2026-03-25 17:04,Sibsig Muckdraggers
2026-03-25 17:06,Skitterbeam Battalion
2026-03-25 17:08,Dread Cacodemon
2026-03-25 17:11,Ulamog's Dreadsire
2026-03-25 17:14,Pathrazer of Ulamog
2026-03-25 17:16,Hypnox
2026-03-25 17:17,"Thrasta, Tempest's Roar"
2026-03-25 17:22,Pathrazer of Ulamog
2026-03-25 17:23,"Emrakul, the Promised End"
2026-03-25 17:56,Myr Scrapling
2026-03-25 18:01,Glimmer Seeker
2026-03-25 18:02,Blood Cultist
2026-03-25 18:03,"Tajic, Legion's Valor"
2026-03-25 18:06,"Urza, Prince of Kroog"
2026-03-25 18:08,Auspicious Starrix
2026-03-25 18:10,"Aurelia, the Law Above"
2026-03-25 18:10,Nihiloor
2026-03-25 18:15,Bladecoil Serpent
2026-03-25 18:18,Woodcloaker
2026-03-25 18:20,Umbra Stalker
2026-03-25 18:20,Umbra Stalker
2026-03-25 18:21,Marjhan
2026-03-25 18:27,Kutzil's Flanker
2026-03-25 18:28,Makindi Patrol
2026-03-25 18:30,Kjeldoran Home Guard
2026-03-25 18:31,Kjeldoran Home Guard
2026-03-25 18:32,Backdraft Hellkite
2026-03-25 18:34,Minion of the Wastes
2026-03-25 18:37,Stormkeld Vanguard // Bear Down
2026-03-25 18:38,Scab-Clan Giant
2026-03-25 18:40,Twins of Discord
2026-03-25 18:41,"Dargo, the Shipwrecker"
2026-03-25 18:47,"Quickbeam, Upstart Ent"
2026-03-25 18:50,Skittish Kavu
2026-03-25 18:50,Skittish Kavu
2026-03-25 18:52,Skirk Shaman
2026-03-25 18:52,Skirk Shaman
2026-03-25 18:52,Skirk Shaman
2026-03-25 18:58,Plague Stinger
2026-03-25 19:05,Plague Stinger
2026-03-25 19:28,Soulmender
2026-03-25 19:37,Nantuko Slicer
2026-03-25 19:43,Experiment Five
2026-03-25 19:43,Draco
2026-03-25 19:53,Merfolk Assassin
2026-03-25 20:04,Flourishing Fox
2026-03-27 18:38,Humming-
2026-03-27 18:48,"Nazar, the Velvet Fang"
2026-03-27 18:48,"Nazar, the Velvet Fang"
2026-03-27 20:46,Obstinate Baloth
2026-03-27 20:46,Obstinate Baloth
2026-03-27 20:50,Obstinate Baloth
2026-03-27 20:51,Obstinate Baloth
2026-03-27 21:05,Bellowing Fiend
2026-03-27 21:20,Karona's Zealot
2026-03-27 21:21,Karona's Zealot
2026-03-27 22:37,Splitting Slime
2026-03-27 22:38,Weaponized Scrap
2026-03-27 22:38,Weaponized Scrap
2026-03-27 22:43,Draco
2026-03-28 00:55,Grabby Giant // That's Mine
2026-03-28 00:57,Grabby Giant // That's Mine
2026-03-28 00:57,Sphinx Mindbreaker
2026-03-28 00:57,Llanowar Envoy
2026-03-28 00:57,Dragon Mage
2026-03-28 00:58,Ancient Ooze
2026-03-28 01:02,Maestros Initiate
2026-03-28 01:09,Wu Longbowman
2026-03-28 01:14,Phyrexian Marauder
2026-03-28 01:18,Affa Guard Hound
2026-03-28 01:19,Twilight Diviner
2026-03-28 01:21,Amber Gristle O'Maul
2026-03-28 01:23,"Phoebe, Head of S.N.E.A.K."
2026-03-28 01:25,Grasping Thrull
2026-03-28 01:28,Knight of the Ebon Legion
2026-03-28 01:32,Tithebearer Giant
2026-03-28 01:34,Wall of Fire
2026-03-28 01:36,Sandcrafter Mage
2026-03-28 01:48,Earth-Cult Elemental
2026-03-28 01:51,"Piru, the Volatile"
2026-03-28 01:58,Skeletal Wurm
2026-03-28 02:06,Baleful Force
2026-03-28 02:10,Defenestrated Phantom
2026-03-28 02:12,Breaching Leviathan
2026-03-28 02:20,"Leatherhead, Iron Gator"
2026-03-28 02:23,Eldrazi Devastator
2026-03-28 02:24,Tidal Kraken
2026-03-28 02:26,Summon: Knights of Round
2026-03-28 02:26,Summon: Knights of Round
2026-03-28 02:28,"Emrakul, the Promised End"
2026-03-28 02:28,The Pride of Hull Clade
2026-03-28 02:30,Slash Panther
2026-03-28 02:33,"Tetsuko Umezawa, Fugitive"
2026-03-28 03:00,Catch of the Day
2026-03-28 03:00,Slivdrazi Monstrosity
